{
  "created_at": "20260217_151349",
  "created_at_iso": "2026-02-17T15:13:49.506340",
  "estimator_name": "hgbt",
  "best_params": {
    "clf__l2_regularization": 0.1,
    "clf__learning_rate": 0.03,
    "clf__max_depth": 4,
    "clf__max_iter": 200
  },
  "decision_threshold": 0.3,
  "trained_features": [
    "open",
    "high",
    "low",
    "close",
    "volume",
    "average"
  ],
  "n_features": 6,
  "n_total_bars": 5000,
  "n_train_bars": 4500,
  "n_holdout_bars": 500,
  "class_to_dir": {
    "0": "SHORT",
    "1": "LONG"
  },
  "classes": [
    0,
    1
  ],
  "annualize_sharpe": true,
  "instrument": "GC1",
  "exchange": "COMEX",
  "timeframe": "5min",
  "mc_block_len": 40,
  "metrics": {
    "accuracy": 0.534,
    "precision": 0.5620767494356659,
    "recall": 0.8645833333333334,
    "f1": 0.6812585499316005,
    "tn": 18,
    "fp": 194,
    "fn": 39,
    "tp": 249,
    "signals": 443,
    "confusion3": {
      "labels": [
        -1,
        0,
        1
      ],
      "matrix": [
        [
          0,
          0,
          0
        ],
        [
          0,
          18,
          194
        ],
        [
          0,
          39,
          249
        ]
      ]
    },
    "per_class_3": {
      "-1": {
        "precision": 0.0,
        "recall": 0.0,
        "f1": 0.0,
        "support": 0
      },
      "0": {
        "precision": 0.3157894736842105,
        "recall": 0.08490566037735849,
        "f1": 0.13382899628252787,
        "support": 212
      },
      "1": {
        "precision": 0.5620767494356659,
        "recall": 0.8645833333333334,
        "f1": 0.6812585499316005,
        "support": 288
      }
    },
    "f1_micro_3": 0.534,
    "f1_macro_3": 0.2716958487380428,
    "f1_weighted_3": 0.4491484191843937,
    "profit_gross": 44.19999999999936,
    "profit_net": 44.19999999999936,
    "sharpe": 0.02291039342337836,
    "sharpe_net": 0.02291039342337836,
    "sharpe_ann": 7.430600342624816,
    "sharpe_net_ann": 7.430600342624816,
    "max_drawdown": -103.70000000000027,
    "max_drawdown_net": -103.70000000000027,
    "num_trades": 12,
    "winrate": 0.75,
    "profit_factor": 6.456790123456773,
    "avg_pnl_trade": 3.6833333333332803,
    "median_pnl_trade": 2.7999999999999545,
    "var_95": -3.699999999999976,
    "cvar_95": -4.799999999999727,
    "rolling_pnl_mean": 3.6833333333332803,
    "sharpe_ratio": 0.02291039342337836,
    "max_dd": -103.70000000000027,
    "trades": 12,
    "pf": 6.456790123456773,
    "n_signals_holdout": 443
  },
  "mc": {
    "iters": 200,
    "block_len": 40,
    "min_trades": 20,
    "thr_scan": [
      0.5,
      0.48,
      0.46,
      0.45,
      0.42,
      0.4,
      0.38,
      0.36,
      0.34,
      0.32,
      0.3,
      0.28,
      0.26,
      0.25
    ],
    "sharpe": {
      "p10": 0.005180185986815203,
      "p50": 0.030252175537551905,
      "p90": 0.05838297634487792
    },
    "max_drawdown": {
      "p90": -78.69999999999982
    },
    "profit_net": {
      "p10": 20.409999999999492,
      "p50": 108.84999999999968,
      "p90": 209.91999999999896
    }
  }
}