{
  "created_at": "20260219_123136",
  "created_at_iso": "2026-02-19T12:31:36.053900",
  "estimator_name": "lgb",
  "best_params": {
    "clf__colsample_bytree": 1.0,
    "clf__learning_rate": 0.05,
    "clf__max_depth": 5,
    "clf__n_estimators": 400,
    "clf__num_leaves": 25,
    "clf__subsample": 0.8
  },
  "decision_threshold": 0.48,
  "trained_features": [
    "open",
    "high",
    "low",
    "close",
    "volume",
    "average",
    "barCount",
    "rsi",
    "macd_macd",
    "macd_hist",
    "atr",
    "williams_r",
    "stoch_k",
    "stoch_d"
  ],
  "n_features": 14,
  "n_total_bars": 40905,
  "n_train_bars": 40405,
  "n_holdout_bars": 500,
  "class_to_dir": {
    "0": "SHORT",
    "1": "LONG"
  },
  "classes": [
    0,
    1
  ],
  "annualize_sharpe": true,
  "instrument": "GC",
  "exchange": "COMEX",
  "timeframe": "5m",
  "mc_block_len": 40,
  "metrics": {
    "accuracy": 1.0,
    "precision": 0.0,
    "recall": 0.0,
    "f1": 0.0,
    "tn": 500,
    "fp": 0,
    "fn": 0,
    "tp": 0,
    "signals": 0,
    "confusion3": {
      "labels": [
        -1,
        0,
        1
      ],
      "matrix": [
        [
          29,
          237,
          0
        ],
        [
          14,
          220,
          0
        ],
        [
          0,
          0,
          0
        ]
      ]
    },
    "per_class_3": {
      "-1": {
        "precision": 0.6744186046511628,
        "recall": 0.10902255639097744,
        "f1": 0.18770226537216828,
        "support": 266
      },
      "0": {
        "precision": 0.4814004376367615,
        "recall": 0.9401709401709402,
        "f1": 0.6367583212735166,
        "support": 234
      },
      "1": {
        "precision": 0.0,
        "recall": 0.0,
        "f1": 0.0,
        "support": 0
      }
    },
    "f1_micro_3": 0.498,
    "f1_macro_3": 0.27482019554856163,
    "f1_weighted_3": 0.39786049953399927,
    "profit_gross": -60.0,
    "profit_net": -60.0,
    "trade_pnls_gross": [
      -1.5999999999994543,
      -11.399999999999636,
      -1.1000000000003638,
      2.0,
      4.699999999999818,
      -3.100000000000364,
      2.300000000000182,
      -26.100000000000364,
      -3.0999999999994543,
      5.600000000000364,
      -5.300000000000182,
      -11.300000000000182,
      -6.899999999999636,
      0.0999999999994543,
      2.199999999999818,
      -0.8000000000001819,
      -2.800000000000182,
      1.0,
      -4.399999999999636
    ],
    "trade_pnls_net": [
      -1.5999999999994543,
      -11.399999999999636,
      -1.1000000000003638,
      2.0,
      4.699999999999818,
      -3.100000000000364,
      2.300000000000182,
      -26.100000000000364,
      -3.0999999999994543,
      5.600000000000364,
      -5.300000000000182,
      -11.300000000000182,
      -6.899999999999636,
      0.0999999999994543,
      2.199999999999818,
      -0.8000000000001819,
      -2.800000000000182,
      1.0,
      -4.399999999999636
    ],
    "sharpe": -0.07682086861155721,
    "sharpe_net": -0.07682086861155721,
    "sharpe_ann": -24.915555227580164,
    "sharpe_net_ann": -24.915555227580164,
    "max_drawdown": -60.0,
    "max_drawdown_net": -60.0,
    "max_drawdown_trade_gross": 60.0,
    "max_drawdown_trade_net": 60.0,
    "num_trades": 19,
    "num_trades_long": 0,
    "num_trades_short": 19,
    "winrate": 0.3684210526315789,
    "profit_factor": 0.22978177150192194,
    "avg_pnl_trade": -3.1578947368421053,
    "median_pnl_trade": -1.5999999999994543,
    "var_95": -12.869999999999697,
    "cvar_95": -26.100000000000364,
    "rolling_pnl_mean": -3.1578947368421053,
    "signal_stability": 1.0,
    "sharpe_ratio": -0.07682086861155721,
    "max_dd": -60.0,
    "trades": 19,
    "pf": 0.22978177150192194,
    "n_signals_holdout": 457
  },
  "mc": {
    "iters": 200,
    "block_len": 40,
    "min_trades": 20,
    "thr_scan": [
      0.5,
      0.48,
      0.46,
      0.45,
      0.42,
      0.4,
      0.38,
      0.36,
      0.34,
      0.32,
      0.3,
      0.28,
      0.26,
      0.25
    ],
    "sharpe": {
      "p10": -0.09870562028611513,
      "p50": -0.06776895319794163,
      "p90": -0.022578263063494215
    },
    "max_drawdown": {
      "p90": -30.34999999999964
    },
    "profit_net": {
      "p10": -186.17999999999947,
      "p50": -66.40000000000146,
      "p90": -14.559999999999862
    }
  },
  "feature_importance": {
    "rsi": 1557.0,
    "atr": 1457.0,
    "open": 1301.0,
    "macd_macd": 1061.0,
    "macd_hist": 915.0,
    "high": 537.0,
    "stoch_d": 427.0,
    "low": 377.0,
    "williams_r": 368.0,
    "close": 316.0,
    "volume": 227.0,
    "average": 208.0,
    "barCount": 142.0,
    "stoch_k": 31.0
  },
  "user_settings": {
    "decision_threshold": 0.5,
    "entry_threshold": 0.4999999999999999,
    "exit_threshold": 0.5599999999999998,
    "use_and_ensemble": false,
    "use_ma_only": false,
    "updated_at": "2026-02-19 15:08:31.717381+00:00"
  }
}