{
  "created_at": "20251014_185633",
  "created_at_iso": "2025-10-14T18:56:33.259210",
  "estimator_name": "et",
  "best_params": {
    "clf__max_depth": 8,
    "clf__min_samples_leaf": 2,
    "clf__n_estimators": 800
  },
  "decision_threshold": 0.41,
  "trained_features": [
    "open",
    "high",
    "low",
    "close",
    "volume",
    "average"
  ],
  "n_features": 6,
  "n_total_bars": 5000,
  "n_train_bars": 4500,
  "n_holdout_bars": 500,
  "class_to_dir": {
    "0": "SHORT",
    "1": "LONG"
  },
  "classes": [
    0,
    1
  ],
  "annualize_sharpe": true,
  "instrument": "GOLD",
  "exchange": "TVC",
  "timeframe": "5min",
  "mc_block_len": 40,
  "metrics": {
    "accuracy": 0.358,
    "precision": 0.88,
    "recall": 0.06470588235294118,
    "f1": 0.12054794520547946,
    "tn": 157,
    "fp": 3,
    "fn": 318,
    "tp": 22,
    "signals": 25,
    "confusion3": {
      "labels": [
        -1,
        0,
        1
      ],
      "matrix": [
        [
          0,
          0,
          0
        ],
        [
          0,
          157,
          3
        ],
        [
          0,
          318,
          22
        ]
      ]
    },
    "per_class_3": {
      "-1": {
        "precision": 0.0,
        "recall": 0.0,
        "f1": 0.0,
        "support": 0
      },
      "0": {
        "precision": 0.33052631578947367,
        "recall": 0.98125,
        "f1": 0.494488188976378,
        "support": 160
      },
      "1": {
        "precision": 0.88,
        "recall": 0.06470588235294118,
        "f1": 0.12054794520547946,
        "support": 340
      }
    },
    "f1_micro_3": 0.358,
    "f1_macro_3": 0.20501204472728582,
    "f1_weighted_3": 0.24020882321216697,
    "profit_gross": 41.93300000000045,
    "profit_net": 41.93300000000045,
    "sharpe": 0.06940188388745215,
    "sharpe_net": 0.06940188388745215,
    "sharpe_ann": 22.509332452871732,
    "sharpe_net_ann": 22.509332452871732,
    "max_drawdown": -16.442000000000007,
    "max_drawdown_net": -16.442000000000007,
    "num_trades": 4,
    "winrate": 1.0,
    "profit_factor": Infinity,
    "avg_pnl_trade": 10.483250000000112,
    "median_pnl_trade": 7.991500000000087,
    "var_95": 3.635100000000171,
    "cvar_95": 3.09900000000016,
    "rolling_pnl_mean": 10.483250000000112,
    "sharpe_ratio": 0.06940188388745215,
    "max_dd": -16.442000000000007,
    "trades": 4,
    "pf": Infinity,
    "n_signals_holdout": 25
  },
  "mc": {
    "iters": 200,
    "block_len": 40,
    "min_trades": 20,
    "thr_scan": [
      0.5,
      0.48,
      0.46,
      0.45,
      0.42,
      0.4,
      0.38,
      0.36,
      0.34,
      0.32,
      0.3,
      0.28,
      0.26,
      0.25
    ],
    "sharpe": {
      "p10": 0.05447343690907486,
      "p50": 0.07320737497456635,
      "p90": 0.1026034926603846
    },
    "max_drawdown": {
      "p90": -4.5
    },
    "profit_net": {
      "p10": 5.077499999999561,
      "p50": 61.89849999999933,
      "p90": 183.40250000000077
    }
  }
}