{
  "created_at": "20251013_135852",
  "created_at_iso": "2025-10-13T13:58:53.020110",
  "estimator_name": "et",
  "best_params": {
    "clf__max_depth": null,
    "clf__min_samples_leaf": 2,
    "clf__n_estimators": 400
  },
  "decision_threshold": 0.5599999999999999,
  "trained_features": [
    "open",
    "high",
    "low",
    "close",
    "volume",
    "average"
  ],
  "n_features": 6,
  "n_total_bars": 5000,
  "n_train_bars": 4500,
  "n_holdout_bars": 500,
  "class_to_dir": {
    "0": "SHORT",
    "1": "LONG"
  },
  "classes": [
    0,
    1
  ],
  "annualize_sharpe": true,
  "instrument": "GOLD",
  "exchange": "TVC",
  "timeframe": "5min",
  "mc_block_len": 40,
  "metrics": {
    "accuracy": 0.492,
    "precision": 0.6145833333333334,
    "recall": 0.3959731543624161,
    "f1": 0.4816326530612245,
    "tn": 128,
    "fp": 74,
    "fn": 180,
    "tp": 118,
    "signals": 192,
    "confusion3": {
      "labels": [
        -1,
        0,
        1
      ],
      "matrix": [
        [
          0,
          0,
          0
        ],
        [
          0,
          128,
          74
        ],
        [
          0,
          180,
          118
        ]
      ]
    },
    "per_class_3": {
      "-1": {
        "precision": 0.0,
        "recall": 0.0,
        "f1": 0.0,
        "support": 0
      },
      "0": {
        "precision": 0.4155844155844156,
        "recall": 0.6336633663366337,
        "f1": 0.5019607843137255,
        "support": 202
      },
      "1": {
        "precision": 0.6145833333333334,
        "recall": 0.3959731543624161,
        "f1": 0.4816326530612245,
        "support": 298
      }
    },
    "f1_micro_3": 0.492,
    "f1_macro_3": 0.32786447912498334,
    "f1_weighted_3": 0.4898452180872349,
    "profit_gross": 27.165000000001783,
    "profit_net": 27.165000000001783,
    "sharpe": 0.02242624336149301,
    "sharpe_net": 0.02242624336149301,
    "sharpe_ann": 7.273574422150831,
    "sharpe_net_ann": 7.273574422150831,
    "max_drawdown": -50.67499999999927,
    "max_drawdown_net": -50.67499999999927,
    "num_trades": 44,
    "winrate": 0.5681818181818182,
    "profit_factor": 1.221510987890914,
    "avg_pnl_trade": 0.6173863636364042,
    "median_pnl_trade": 0.9214999999999236,
    "var_95": -10.943449999999665,
    "cvar_95": -15.815999999999804,
    "rolling_pnl_mean": 0.6173863636364042,
    "sharpe_ratio": 0.02242624336149301,
    "max_dd": -50.67499999999927,
    "trades": 44,
    "pf": 1.221510987890914,
    "n_signals_holdout": 192
  },
  "mc": {
    "iters": 200,
    "block_len": 40,
    "min_trades": 20,
    "thr_scan": [
      0.5,
      0.48,
      0.46,
      0.45,
      0.42,
      0.4,
      0.38,
      0.36,
      0.34,
      0.32,
      0.3,
      0.28,
      0.26,
      0.25
    ],
    "sharpe": {
      "p10": -0.006483723198009757,
      "p50": 0.047633301961858686,
      "p90": 0.08201943053036014
    },
    "max_drawdown": {
      "p90": -35.33019999999838
    },
    "profit_net": {
      "p10": -15.944499999997696,
      "p50": 105.45000000000232,
      "p90": 209.7281000000056
    }
  }
}