{
  "created_at": "20251013_082456",
  "created_at_iso": "2025-10-13T08:24:57.470232",
  "estimator_name": "et",
  "best_params": {
    "clf__max_depth": null,
    "clf__min_samples_leaf": 2,
    "clf__n_estimators": 400
  },
  "decision_threshold": 0.5599999999999999,
  "trained_features": [
    "open",
    "high",
    "low",
    "close",
    "volume",
    "average"
  ],
  "n_features": 6,
  "n_total_bars": 5000,
  "n_train_bars": 4500,
  "n_holdout_bars": 500,
  "class_to_dir": {
    "0": "SHORT",
    "1": "LONG"
  },
  "classes": [
    0,
    1
  ],
  "annualize_sharpe": true,
  "instrument": "GOLD",
  "exchange": "TVC",
  "timeframe": "5min",
  "mc_block_len": 40,
  "metrics": {
    "accuracy": 0.478,
    "precision": 0.5545851528384279,
    "recall": 0.44405594405594406,
    "f1": 0.49320388349514566,
    "tn": 112,
    "fp": 102,
    "fn": 159,
    "tp": 127,
    "signals": 229,
    "confusion3": {
      "labels": [
        -1,
        0,
        1
      ],
      "matrix": [
        [
          0,
          0,
          0
        ],
        [
          0,
          112,
          102
        ],
        [
          0,
          159,
          127
        ]
      ]
    },
    "per_class_3": {
      "-1": {
        "precision": 0.0,
        "recall": 0.0,
        "f1": 0.0,
        "support": 0
      },
      "0": {
        "precision": 0.4132841328413284,
        "recall": 0.5233644859813084,
        "f1": 0.4618556701030928,
        "support": 214
      },
      "1": {
        "precision": 0.5545851528384279,
        "recall": 0.44405594405594406,
        "f1": 0.49320388349514566,
        "support": 286
      }
    },
    "f1_micro_3": 0.478,
    "f1_macro_3": 0.31835318453274614,
    "f1_weighted_3": 0.47978684816334705,
    "profit_gross": -4.296999999999571,
    "profit_net": -4.296999999999571,
    "sharpe": -0.0030473142923164638,
    "sharpe_net": -0.0030473142923164638,
    "sharpe_ann": -0.988345080162016,
    "sharpe_net_ann": -0.988345080162016,
    "max_drawdown": -72.36399999999867,
    "max_drawdown_net": -72.36399999999867,
    "num_trades": 46,
    "winrate": 0.5434782608695652,
    "profit_factor": 0.9710532520462151,
    "avg_pnl_trade": -0.09341304347825154,
    "median_pnl_trade": 0.9214999999999236,
    "var_95": -10.915749999999662,
    "cvar_95": -21.614666666666533,
    "rolling_pnl_mean": -0.09341304347825154,
    "sharpe_ratio": -0.0030473142923164638,
    "max_dd": -72.36399999999867,
    "trades": 46,
    "pf": 0.9710532520462151,
    "n_signals_holdout": 229
  },
  "mc": {
    "iters": 200,
    "block_len": 40,
    "min_trades": 20,
    "thr_scan": [
      0.5,
      0.48,
      0.46,
      0.45,
      0.42,
      0.4,
      0.38,
      0.36,
      0.34,
      0.32,
      0.3,
      0.28,
      0.26,
      0.25
    ],
    "sharpe": {
      "p10": -0.033689301583143705,
      "p50": 0.012487676372272587,
      "p90": 0.05888701102509023
    },
    "max_drawdown": {
      "p90": -54.73499999999967
    },
    "profit_net": {
      "p10": -56.679499999999344,
      "p50": 28.21100000000115,
      "p90": 149.09090000000174
    }
  }
}