{
  "created_at": "20251013_135508",
  "created_at_iso": "2025-10-13T13:55:09.056545",
  "estimator_name": "rf",
  "best_params": {
    "clf__max_depth": null,
    "clf__min_samples_leaf": 2,
    "clf__n_estimators": 300
  },
  "decision_threshold": 0.32999999999999996,
  "trained_features": [
    "open",
    "high",
    "low",
    "close",
    "volume",
    "average"
  ],
  "n_features": 6,
  "n_total_bars": 5000,
  "n_train_bars": 4500,
  "n_holdout_bars": 500,
  "class_to_dir": {
    "0": "SHORT",
    "1": "LONG"
  },
  "classes": [
    0,
    1
  ],
  "annualize_sharpe": true,
  "instrument": "GOLD",
  "exchange": "TVC",
  "timeframe": "1hour",
  "mc_block_len": 150,
  "metrics": {
    "accuracy": 0.394,
    "precision": 0.9444444444444444,
    "recall": 0.05329153605015674,
    "f1": 0.10089020771513353,
    "tn": 180,
    "fp": 1,
    "fn": 302,
    "tp": 17,
    "signals": 18,
    "confusion3": {
      "labels": [
        -1,
        0,
        1
      ],
      "matrix": [
        [
          0,
          0,
          0
        ],
        [
          0,
          180,
          1
        ],
        [
          0,
          302,
          17
        ]
      ]
    },
    "per_class_3": {
      "-1": {
        "precision": 0.0,
        "recall": 0.0,
        "f1": 0.0,
        "support": 0
      },
      "0": {
        "precision": 0.37344398340248963,
        "recall": 0.994475138121547,
        "f1": 0.5429864253393665,
        "support": 181
      },
      "1": {
        "precision": 0.9444444444444444,
        "recall": 0.05329153605015674,
        "f1": 0.10089020771513353,
        "support": 319
      }
    },
    "f1_micro_3": 0.394,
    "f1_macro_3": 0.21462554435150002,
    "f1_weighted_3": 0.26092903849510585,
    "profit_gross": 52.11400000000003,
    "profit_net": 52.11400000000003,
    "sharpe": 0.12128274391165576,
    "sharpe_net": 0.12128274391165576,
    "sharpe_ann": 11.355329665294144,
    "sharpe_net_ann": 11.355329665294144,
    "max_drawdown": -5.06899999999996,
    "max_drawdown_net": -5.06899999999996,
    "num_trades": 6,
    "winrate": 1.0,
    "profit_factor": Infinity,
    "avg_pnl_trade": 8.685666666666672,
    "median_pnl_trade": 7.527000000000271,
    "var_95": 2.74874999999986,
    "cvar_95": 1.5149999999998727,
    "rolling_pnl_mean": 8.685666666666672,
    "sharpe_ratio": 0.12128274391165576,
    "max_dd": -5.06899999999996,
    "trades": 6,
    "pf": Infinity,
    "n_signals_holdout": 18
  },
  "mc": {
    "iters": 200,
    "block_len": 150,
    "min_trades": 20,
    "thr_scan": [
      0.5,
      0.48,
      0.46,
      0.45,
      0.42,
      0.4,
      0.38,
      0.36,
      0.34,
      0.32,
      0.3,
      0.28,
      0.26,
      0.25
    ],
    "sharpe": {
      "p10": 0.06461850015427253,
      "p50": 0.1150182587993418,
      "p90": 0.15094845255998535
    },
    "max_drawdown": {
      "p90": -4.899599999999974
    },
    "profit_net": {
      "p10": 16.36550000000007,
      "p50": 81.47899999999981,
      "p90": 150.85829999999987
    }
  }
}