{
  "created_at": "20251013_140057",
  "created_at_iso": "2025-10-13T14:00:57.349858",
  "estimator_name": "rf",
  "best_params": {
    "clf__max_depth": null,
    "clf__min_samples_leaf": 2,
    "clf__n_estimators": 300
  },
  "decision_threshold": 0.49999999999999994,
  "trained_features": [
    "open",
    "high",
    "low",
    "close",
    "volume",
    "average"
  ],
  "n_features": 6,
  "n_total_bars": 5000,
  "n_train_bars": 4500,
  "n_holdout_bars": 500,
  "class_to_dir": {
    "0": "SHORT",
    "1": "LONG"
  },
  "classes": [
    0,
    1
  ],
  "annualize_sharpe": true,
  "instrument": "GOLD",
  "exchange": "TVC",
  "timeframe": "5min",
  "mc_block_len": 40,
  "metrics": {
    "accuracy": 0.496,
    "precision": 0.6026785714285714,
    "recall": 0.45302013422818793,
    "f1": 0.5172413793103449,
    "tn": 113,
    "fp": 89,
    "fn": 163,
    "tp": 135,
    "signals": 224,
    "confusion3": {
      "labels": [
        -1,
        0,
        1
      ],
      "matrix": [
        [
          0,
          0,
          0
        ],
        [
          0,
          113,
          89
        ],
        [
          0,
          163,
          135
        ]
      ]
    },
    "per_class_3": {
      "-1": {
        "precision": 0.0,
        "recall": 0.0,
        "f1": 0.0,
        "support": 0
      },
      "0": {
        "precision": 0.40942028985507245,
        "recall": 0.5594059405940595,
        "f1": 0.47280334728033474,
        "support": 202
      },
      "1": {
        "precision": 0.6026785714285714,
        "recall": 0.45302013422818793,
        "f1": 0.5172413793103449,
        "support": 298
      }
    },
    "f1_micro_3": 0.496,
    "f1_macro_3": 0.33001490886355983,
    "f1_weighted_3": 0.4992884143702207,
    "profit_gross": 52.11000000000149,
    "profit_net": 52.11000000000149,
    "sharpe": 0.03903395628835415,
    "sharpe_net": 0.03903395628835415,
    "sharpe_ann": 12.660006470001349,
    "sharpe_net_ann": 12.660006470001349,
    "max_drawdown": -40.76700000000028,
    "max_drawdown_net": -40.76700000000028,
    "num_trades": 50,
    "winrate": 0.56,
    "profit_factor": 1.402409359434742,
    "avg_pnl_trade": 1.0422000000000298,
    "median_pnl_trade": 0.6849999999999454,
    "var_95": -11.45984999999998,
    "cvar_95": -13.8740000000001,
    "rolling_pnl_mean": 1.0422000000000298,
    "sharpe_ratio": 0.03903395628835415,
    "max_dd": -40.76700000000028,
    "trades": 50,
    "pf": 1.402409359434742,
    "n_signals_holdout": 224
  },
  "mc": {
    "iters": 200,
    "block_len": 40,
    "min_trades": 20,
    "thr_scan": [
      0.5,
      0.48,
      0.46,
      0.45,
      0.42,
      0.4,
      0.38,
      0.36,
      0.34,
      0.32,
      0.3,
      0.28,
      0.26,
      0.25
    ],
    "sharpe": {
      "p10": 0.00483347384803955,
      "p50": 0.0548781827306038,
      "p90": 0.09226041331701927
    },
    "max_drawdown": {
      "p90": -36.05340000000001
    },
    "profit_net": {
      "p10": 12.776300000003042,
      "p50": 149.85000000000196,
      "p90": 257.9218000000022
    }
  }
}