{
  "created_at": "20251013_083604",
  "created_at_iso": "2025-10-13T08:36:04.781846",
  "estimator_name": "rf",
  "best_params": {
    "clf__max_depth": null,
    "clf__min_samples_leaf": 2,
    "clf__n_estimators": 800
  },
  "decision_threshold": 0.33999999999999997,
  "trained_features": [
    "open",
    "high",
    "low",
    "close",
    "volume",
    "average"
  ],
  "n_features": 6,
  "n_total_bars": 5000,
  "n_train_bars": 4500,
  "n_holdout_bars": 500,
  "class_to_dir": {
    "0": "SHORT",
    "1": "LONG"
  },
  "classes": [
    0,
    1
  ],
  "annualize_sharpe": true,
  "instrument": "GOLD",
  "exchange": "TVC",
  "timeframe": "1hour",
  "mc_block_len": 150,
  "metrics": {
    "accuracy": 0.396,
    "precision": 0.9545454545454546,
    "recall": 0.06521739130434782,
    "f1": 0.12209302325581395,
    "tn": 177,
    "fp": 1,
    "fn": 301,
    "tp": 21,
    "signals": 22,
    "confusion3": {
      "labels": [
        -1,
        0,
        1
      ],
      "matrix": [
        [
          0,
          0,
          0
        ],
        [
          0,
          177,
          1
        ],
        [
          0,
          301,
          21
        ]
      ]
    },
    "per_class_3": {
      "-1": {
        "precision": 0.0,
        "recall": 0.0,
        "f1": 0.0,
        "support": 0
      },
      "0": {
        "precision": 0.3702928870292887,
        "recall": 0.9943820224719101,
        "f1": 0.5396341463414634,
        "support": 178
      },
      "1": {
        "precision": 0.9545454545454546,
        "recall": 0.06521739130434782,
        "f1": 0.12209302325581395,
        "support": 322
      }
    },
    "f1_micro_3": 0.396,
    "f1_macro_3": 0.22057572319909247,
    "f1_weighted_3": 0.27073766307430513,
    "profit_gross": 54.52800000000025,
    "profit_net": 54.52800000000025,
    "sharpe": 0.1216621210678476,
    "sharpe_net": 0.1216621210678476,
    "sharpe_ann": 11.390849579645506,
    "sharpe_net_ann": 11.390849579645506,
    "max_drawdown": -5.06899999999996,
    "max_drawdown_net": -5.06899999999996,
    "num_trades": 6,
    "winrate": 1.0,
    "profit_factor": Infinity,
    "avg_pnl_trade": 9.088000000000042,
    "median_pnl_trade": 7.527000000000271,
    "var_95": 2.74874999999986,
    "cvar_95": 1.5149999999998727,
    "rolling_pnl_mean": 9.088000000000042,
    "sharpe_ratio": 0.1216621210678476,
    "max_dd": -5.06899999999996,
    "trades": 6,
    "pf": Infinity,
    "n_signals_holdout": 22
  },
  "mc": {
    "iters": 200,
    "block_len": 150,
    "min_trades": 20,
    "thr_scan": [
      0.5,
      0.48,
      0.46,
      0.45,
      0.42,
      0.4,
      0.38,
      0.36,
      0.34,
      0.32,
      0.3,
      0.28,
      0.26,
      0.25
    ],
    "sharpe": {
      "p10": 0.05891028908140296,
      "p50": 0.11647474765886391,
      "p90": 0.16011668094085074
    },
    "max_drawdown": {
      "p90": -5.06899999999996
    },
    "profit_net": {
      "p10": 35.080100000000265,
      "p50": 64.87950000000046,
      "p90": 141.80670000000066
    }
  }
}