{
  "created_at": "20251013_135650",
  "created_at_iso": "2025-10-13T13:56:50.832105",
  "estimator_name": "et",
  "best_params": {
    "clf__max_depth": 8,
    "clf__min_samples_leaf": 4,
    "clf__n_estimators": 400
  },
  "decision_threshold": 0.36,
  "trained_features": [
    "open",
    "high",
    "low",
    "close",
    "volume",
    "average"
  ],
  "n_features": 6,
  "n_total_bars": 5000,
  "n_train_bars": 4500,
  "n_holdout_bars": 500,
  "class_to_dir": {
    "0": "SHORT",
    "1": "LONG"
  },
  "classes": [
    0,
    1
  ],
  "annualize_sharpe": true,
  "instrument": "GOLD",
  "exchange": "TVC",
  "timeframe": "1hour",
  "mc_block_len": 150,
  "metrics": {
    "accuracy": 0.402,
    "precision": 1.0,
    "recall": 0.06269592476489028,
    "f1": 0.11799410029498525,
    "tn": 181,
    "fp": 0,
    "fn": 299,
    "tp": 20,
    "signals": 20,
    "confusion3": {
      "labels": [
        -1,
        0,
        1
      ],
      "matrix": [
        [
          0,
          0,
          0
        ],
        [
          0,
          181,
          0
        ],
        [
          0,
          299,
          20
        ]
      ]
    },
    "per_class_3": {
      "-1": {
        "precision": 0.0,
        "recall": 0.0,
        "f1": 0.0,
        "support": 0
      },
      "0": {
        "precision": 0.3770833333333333,
        "recall": 1.0,
        "f1": 0.5476550680786687,
        "support": 181
      },
      "1": {
        "precision": 1.0,
        "recall": 0.06269592476489028,
        "f1": 0.11799410029498525,
        "support": 319
      }
    },
    "f1_micro_3": 0.402,
    "f1_macro_3": 0.2218830561245513,
    "f1_weighted_3": 0.2735313706326787,
    "profit_gross": 58.741000000000895,
    "profit_net": 58.741000000000895,
    "sharpe": 0.12080331148803251,
    "sharpe_net": 0.12080331148803251,
    "sharpe_ann": 11.31044188450285,
    "sharpe_net_ann": 11.31044188450285,
    "max_drawdown": -5.099999999999909,
    "max_drawdown_net": -5.099999999999909,
    "num_trades": 6,
    "winrate": 1.0,
    "profit_factor": Infinity,
    "avg_pnl_trade": 9.790166666666815,
    "median_pnl_trade": 8.420500000000175,
    "var_95": 7.3100000000002865,
    "cvar_95": 7.180000000000291,
    "rolling_pnl_mean": 9.790166666666815,
    "sharpe_ratio": 0.12080331148803251,
    "max_dd": -5.099999999999909,
    "trades": 6,
    "pf": Infinity,
    "n_signals_holdout": 20
  },
  "mc": {
    "iters": 200,
    "block_len": 150,
    "min_trades": 20,
    "thr_scan": [
      0.5,
      0.48,
      0.46,
      0.45,
      0.42,
      0.4,
      0.38,
      0.36,
      0.34,
      0.32,
      0.3,
      0.28,
      0.26,
      0.25
    ],
    "sharpe": {
      "p10": 0.06942402632343223,
      "p50": 0.1208033114880325,
      "p90": 0.15768455833244832
    },
    "max_drawdown": {
      "p90": -2.6840000000001965
    },
    "profit_net": {
      "p10": 21.33999999999969,
      "p50": 70.55099999999948,
      "p90": 143.4811000000011
    }
  }
}