{
  "created_at": "20251013_112814",
  "created_at_iso": "2025-10-13T11:28:14.408045",
  "estimator_name": "et",
  "best_params": {
    "clf__max_depth": 8,
    "clf__min_samples_leaf": 2,
    "clf__n_estimators": 400
  },
  "decision_threshold": 0.35,
  "trained_features": [
    "open",
    "high",
    "low",
    "close",
    "volume",
    "average"
  ],
  "n_features": 6,
  "n_total_bars": 5000,
  "n_train_bars": 4500,
  "n_holdout_bars": 500,
  "class_to_dir": {
    "0": "SHORT",
    "1": "LONG"
  },
  "classes": [
    0,
    1
  ],
  "annualize_sharpe": true,
  "instrument": "GOLD",
  "exchange": "TVC",
  "timeframe": "15min",
  "mc_block_len": 80,
  "metrics": {
    "accuracy": 0.656,
    "precision": 0.656,
    "recall": 1.0,
    "f1": 0.7922705314009661,
    "tn": 0,
    "fp": 172,
    "fn": 0,
    "tp": 328,
    "signals": 500,
    "confusion3": {
      "labels": [
        -1,
        0,
        1
      ],
      "matrix": [
        [
          0,
          0,
          0
        ],
        [
          0,
          0,
          172
        ],
        [
          0,
          0,
          328
        ]
      ]
    },
    "per_class_3": {
      "-1": {
        "precision": 0.0,
        "recall": 0.0,
        "f1": 0.0,
        "support": 0
      },
      "0": {
        "precision": 0.0,
        "recall": 0.0,
        "f1": 0.0,
        "support": 172
      },
      "1": {
        "precision": 0.656,
        "recall": 1.0,
        "f1": 0.7922705314009661,
        "support": 328
      }
    },
    "f1_micro_3": 0.656,
    "f1_macro_3": 0.2640901771336554,
    "f1_weighted_3": 0.5197294685990338,
    "profit_gross": 162.53200000000015,
    "profit_net": 162.53200000000015,
    "sharpe": 0.0605839268027496,
    "sharpe_net": 0.0605839268027496,
    "sharpe_ann": 11.344572839882074,
    "sharpe_net_ann": 11.344572839882074,
    "max_drawdown": -110.49499999999989,
    "max_drawdown_net": -110.49499999999989,
    "num_trades": 1,
    "winrate": 1.0,
    "profit_factor": Infinity,
    "avg_pnl_trade": 162.53200000000015,
    "median_pnl_trade": 162.53200000000015,
    "var_95": 162.53200000000015,
    "cvar_95": 162.53200000000015,
    "rolling_pnl_mean": 162.53200000000015,
    "sharpe_ratio": 0.0605839268027496,
    "max_dd": -110.49499999999989,
    "trades": 1,
    "pf": Infinity,
    "n_signals_holdout": 500
  },
  "mc": {
    "iters": 200,
    "block_len": 80,
    "min_trades": 20,
    "thr_scan": [
      0.5,
      0.48,
      0.46,
      0.45,
      0.42,
      0.4,
      0.38,
      0.36,
      0.34,
      0.32,
      0.3,
      0.28,
      0.26,
      0.25
    ],
    "sharpe": {
      "p10": -0.015231458006477601,
      "p50": -0.0018958091385509533,
      "p90": 0.016161949686704192
    },
    "max_drawdown": {
      "p90": -112.28999999999996
    },
    "profit_net": {
      "p10": -84.94579999999992,
      "p50": -9.108999999999924,
      "p90": 79.57549999999982
    }
  }
}