{
  "created_at": "20260218_125551",
  "created_at_iso": "2026-02-18T12:55:51.594580",
  "estimator_name": "hgbt",
  "best_params": {
    "clf__l2_regularization": 0.0,
    "clf__learning_rate": 0.1,
    "clf__max_depth": 4,
    "clf__max_iter": 500
  },
  "decision_threshold": 0.44999999999999996,
  "trained_features": [
    "open",
    "high",
    "low",
    "close",
    "volume",
    "average",
    "barCount",
    "rsi",
    "macd_macd",
    "macd_hist",
    "atr",
    "williams_r",
    "stoch_k",
    "stoch_d"
  ],
  "n_features": 14,
  "n_total_bars": 5507,
  "n_train_bars": 5007,
  "n_holdout_bars": 500,
  "class_to_dir": {
    "0": "SHORT",
    "1": "LONG"
  },
  "classes": [
    0,
    1,
    2
  ],
  "annualize_sharpe": true,
  "metrics": {
    "accuracy": 0.998,
    "precision": 0.0,
    "recall": 0.0,
    "f1": 0.0,
    "tn": 499,
    "fp": 0,
    "fn": 1,
    "tp": 0,
    "signals": 0,
    "confusion3": {
      "labels": [
        -1,
        0,
        1
      ],
      "matrix": [
        [
          12,
          36,
          0
        ],
        [
          63,
          388,
          0
        ],
        [
          0,
          1,
          0
        ]
      ]
    },
    "per_class_3": {
      "-1": {
        "precision": 0.16,
        "recall": 0.25,
        "f1": 0.1951219512195122,
        "support": 48
      },
      "0": {
        "precision": 0.9129411764705883,
        "recall": 0.8603104212860311,
        "f1": 0.8858447488584474,
        "support": 451
      },
      "1": {
        "precision": 0.0,
        "recall": 0.0,
        "f1": 0.0,
        "support": 1
      }
    },
    "f1_micro_3": 0.8,
    "f1_macro_3": 0.3603222333593199,
    "f1_weighted_3": 0.8177636707873928,
    "profit_gross": 14.599999999999454,
    "profit_net": 14.599999999999454,
    "trade_pnls_gross": [
      21.0,
      0.0,
      0.0,
      -6.400000000000546,
      0.0,
      0.0,
      0.0,
      0.0
    ],
    "trade_pnls_net": [
      21.0,
      0.0,
      0.0,
      -6.400000000000546,
      0.0,
      0.0,
      0.0,
      0.0
    ],
    "sharpe": 0.023877484625141002,
    "sharpe_net": 0.023877484625141002,
    "sharpe_ann": 7.744260090075249,
    "sharpe_net_ann": 7.744260090075249,
    "max_drawdown": -6.400000000000546,
    "max_drawdown_net": -6.400000000000546,
    "max_drawdown_trade_gross": 6.400000000000546,
    "max_drawdown_trade_net": 6.400000000000546,
    "num_trades": 8,
    "num_trades_long": 0,
    "num_trades_short": 8,
    "winrate": 0.125,
    "profit_factor": 3.2812499999997202,
    "avg_pnl_trade": 1.8249999999999318,
    "median_pnl_trade": 0.0,
    "var_95": -4.160000000000353,
    "cvar_95": -6.400000000000546,
    "rolling_pnl_mean": 1.8249999999999318,
    "signal_stability": 1.0,
    "sharpe_ratio": 0.023877484625141002,
    "max_dd": -6.400000000000546,
    "trades": 8,
    "pf": 3.2812499999997202,
    "n_signals_holdout": 425
  },
  "mc": {
    "iters": 200,
    "block_len": 100,
    "min_trades": 20,
    "thr_scan": [
      0.5,
      0.48,
      0.46,
      0.45,
      0.42,
      0.4,
      0.38,
      0.36,
      0.34,
      0.32,
      0.3,
      0.28,
      0.26,
      0.25
    ],
    "sharpe": {
      "p10": -0.04945361743828831,
      "p50": -0.020560056564247177,
      "p90": 0.03565281956996893
    },
    "max_drawdown": {
      "p90": 0.0
    },
    "profit_net": {
      "p10": -111.03000000000056,
      "p50": 0.0,
      "p90": 29.19999999999891
    }
  }
}