{
  "created_at": "20260218_130912",
  "created_at_iso": "2026-02-18T13:09:12.857090",
  "estimator_name": "hgbt",
  "best_params": {
    "clf__l2_regularization": 0.0,
    "clf__learning_rate": 0.03,
    "clf__max_depth": 4,
    "clf__max_iter": 200
  },
  "decision_threshold": 0.45999999999999996,
  "trained_features": [
    "open",
    "high",
    "low",
    "close",
    "volume",
    "average",
    "barCount"
  ],
  "n_features": 7,
  "n_total_bars": 5000,
  "n_train_bars": 4500,
  "n_holdout_bars": 500,
  "class_to_dir": {
    "0": "SHORT",
    "1": "LONG"
  },
  "classes": [
    0,
    1
  ],
  "annualize_sharpe": true,
  "instrument": "UNKNOWN",
  "exchange": "UNK",
  "timeframe": "UNK",
  "mc_block_len": 100,
  "metrics": {
    "accuracy": 0.478,
    "precision": 0.4708423326133909,
    "recall": 0.9316239316239316,
    "f1": 0.6255380200860832,
    "tn": 21,
    "fp": 245,
    "fn": 16,
    "tp": 218,
    "signals": 463,
    "confusion3": {
      "labels": [
        -1,
        0,
        1
      ],
      "matrix": [
        [
          0,
          0,
          0
        ],
        [
          0,
          21,
          245
        ],
        [
          0,
          16,
          218
        ]
      ]
    },
    "per_class_3": {
      "-1": {
        "precision": 0.0,
        "recall": 0.0,
        "f1": 0.0,
        "support": 0
      },
      "0": {
        "precision": 0.5675675675675675,
        "recall": 0.07894736842105263,
        "f1": 0.13861386138613863,
        "support": 266
      },
      "1": {
        "precision": 0.4708423326133909,
        "recall": 0.9316239316239316,
        "f1": 0.6255380200860832,
        "support": 234
      }
    },
    "f1_micro_3": 0.478,
    "f1_macro_3": 0.25471729382407393,
    "f1_weighted_3": 0.3664943676577127,
    "profit_gross": -8.300000000002001,
    "profit_net": -8.300000000002001,
    "trade_pnls_gross": [
      -33.19999999999982,
      -27.100000000000364,
      -47.0,
      -12.699999999999818,
      40.0,
      4.399999999999636,
      7.0,
      -46.20000000000073,
      21.800000000000182,
      1.300000000000182,
      9.200000000000728,
      4.300000000000182,
      4.699999999999818,
      32.900000000000546,
      -0.8000000000001819,
      -0.6000000000003638,
      -21.0,
      -3.399999999999636,
      22.899999999999636,
      16.699999999999818,
      -17.700000000000728,
      -6.300000000000182,
      -7.400000000000546,
      7.599999999999454,
      9.400000000000546,
      -1.2000000000007276,
      32.80000000000018,
      -1.699999999999818,
      3.0
    ],
    "trade_pnls_net": [
      -33.19999999999982,
      -27.100000000000364,
      -47.0,
      -12.699999999999818,
      40.0,
      4.399999999999636,
      7.0,
      -46.20000000000073,
      21.800000000000182,
      1.300000000000182,
      9.200000000000728,
      4.300000000000182,
      4.699999999999818,
      32.900000000000546,
      -0.8000000000001819,
      -0.6000000000003638,
      -21.0,
      -3.399999999999636,
      22.899999999999636,
      16.699999999999818,
      -17.700000000000728,
      -6.300000000000182,
      -7.400000000000546,
      7.599999999999454,
      9.400000000000546,
      -1.2000000000007276,
      32.80000000000018,
      -1.699999999999818,
      3.0
    ],
    "sharpe": -0.00360637641733063,
    "sharpe_net": -0.00360637641733063,
    "sharpe_ann": -1.1696674669456406,
    "sharpe_net_ann": -1.1696674669456406,
    "max_drawdown": -120.0,
    "max_drawdown_net": -120.0,
    "max_drawdown_trade_gross": 120.0,
    "max_drawdown_trade_net": 120.0,
    "num_trades": 29,
    "num_trades_long": 29,
    "num_trades_short": 0,
    "winrate": 0.5172413793103449,
    "profit_factor": 0.9633230225364476,
    "avg_pnl_trade": -0.28620689655179316,
    "median_pnl_trade": 1.300000000000182,
    "var_95": -41.00000000000035,
    "cvar_95": -46.600000000000364,
    "rolling_pnl_mean": -0.28620689655179316,
    "signal_stability": 1.0,
    "sharpe_ratio": -0.00360637641733063,
    "max_dd": -120.0,
    "trades": 29,
    "pf": 0.9633230225364476,
    "n_signals_holdout": 463
  },
  "mc": {
    "iters": 200,
    "block_len": 100,
    "min_trades": 20,
    "thr_scan": [
      0.5,
      0.48,
      0.46,
      0.45,
      0.42,
      0.4,
      0.38,
      0.36,
      0.34,
      0.32,
      0.3,
      0.28,
      0.26,
      0.25
    ],
    "sharpe": {
      "p10": -0.011315344925609717,
      "p50": 0.01962741235791922,
      "p90": 0.04114046023110063
    },
    "max_drawdown": {
      "p90": -102.10000000000028
    },
    "profit_net": {
      "p10": -41.890000000005045,
      "p50": 74.99999999999955,
      "p90": 162.6499999999967
    }
  }
}