{
  "model_path": "model_outputs/xgb.pkl",
  "f1": 0.8181818181818182,
  "precision": 0.7627118644067796,
  "recall": 0.8823529411764706,
  "profit": 3165.86,
  "sharpe_ratio": 0.33,
  "drawdown": 0.78,
  "winrate": 0.96,
  "profit_factor": 4.973926876047327,
  "signal_stability": 1.0
}